TELCOM - Network Operations ,teldata@tufts.edu ,10.250.150.225
ERP FINANCE TTS,FINTECH@Tufts.Edu,10.250.140.24
VET - Cummings School of Veterinary Medicine,vetapps@tufts.edu,10.250.132.127
OPS - Operations,tts-operationsit@tufts.edu,10.250.130.22
ESCP - Enterprise Systems/Cloud Platforms,escp@tufts.edu,10.250.132.82
ESCP - Enterprise Systems/Cloud Platforms,escp@tufts.edu,10.250.130.51
VET - Cummings School of Veterinary Medicine,vetapps@tufts.edu,10.250.130.53
IAM - Identity and Access Management,iam@tufts.edu,10.250.108.147
VET - Cummings School of Veterinary Medicine,vetapps@tufts.edu,10.250.146.141
DNTL - School of Dental Medicine,tts_clinsys-request@elist.tufts.edu,10.250.155.23
OPS - Operations,tts-operationsit@tufts.edu,10.250.152.26
LTS - LIBRARY,ults@elist.tufts.edu,10.250.109.29
ESCP - Enterprise Systems/Cloud Platforms,escp@tufts.edu,10.250.108.139
VET - Cummings School of Veterinary Medicine,vetapps@tufts.edu,10.250.130.212
NOC - Network Operations,noc@tufts.edu,10.250.108.122
ERP HR - Human Resources TTS,hr_tech_team@tufts.edu,10.250.140.73
RT - Research Technology,rt-staff@elist.tufts.edu,10.250.224.30
ETS - Educational Technology Services,atsystems@elist.tufts.edu,10.250.164.107
ESCP - Enterprise Systems/Cloud Platforms,escp@tufts.edu,10.250.108.49
ETS - Educational Technology Services,atsystems@elist.tufts.edu,10.250.108.146
OPS - Operations ,tts-operationsit@tufts.edu ,10.250.146.113
UCM - University Communications,markopstech@tufts.edu,10.250.109.13
IAM - Identity and Access Management,iam@tufts.edu,10.250.108.137
EUC - End-Point Engineering,endpoint_engineering@elist.tufts.edu,10.250.130.245
ERP SIS - Student Alumni Services,sis-project-tech-team@elist.tufts.edu,10.250.140.154
RT - Research Technology,rt-staff@elist.tufts.edu,10.250.109.80
DNTL - School of Dental Medicine,tts_clinsys-request@elist.tufts.edu,10.250.130.82
ETS - Educational Technology Services ,N/A,10.250.132.191
WebDev - Design and Digital Solutions TTS,ttswebhosting@tufts.edu,10.250.108.123
ERP FINANCE TTS,FINTECH@Tufts.Edu,10.250.140.180
FACULTY - SEI,Tufts-Server-Managers@sei.org,10.250.130.69
DBA - Database Administration,dba_team@tufts.edu,10.250.104.26
DS - Data Strategy,ds-team@tufts.edu,10.250.146.38
ERP AMP - Student Alumni Services,med-amptech@elist.tufts.edu,10.250.146.134
ESCP - Enterprise Systems/Cloud Platforms,escp@tufts.edu,10.250.132.221
ERP SIS - Student Alumni Services,sis-project-tech-team@elist.tufts.edu,10.250.140.62
RT - Research Technology - COLO - LEVIN LAB,rt-staff@elist.tufts.edu,10.250.130.155
LTS - LIBRARY,ults@elist.tufts.edu,10.250.109.15
DBA - Database Administration,dba_team@tufts.edu,10.250.140.133
OPS - Operations,tts-operationsit@tufts.edu,10.250.108.95
IAM - Identity and Access Management,iam@tufts.edu,10.250.132.39
RT - Research Technology,rt-staff@elist.tufts.edu,10.250.109.112
DS - Data Strategy,ds-team@tufts.edu,10.250.140.110
LTS - LIBRARY,ults@elist.tufts.edu,10.250.130.27
ESCP - Enterprise Systems/Cloud Platforms,escp@tufts.edu,10.250.132.50
ETS - Educational Technology Services,atsystems@elist.tufts.edu,10.250.108.94
ESCP - Enterprise Systems/Cloud Platforms,escp@tufts.edu,10.250.108.194
IAM - Identity and Access Management,iam@tufts.edu,10.250.140.55
FACULTY - COLO,dba_team@tufts.edu,10.250.146.86
RT - Research Technology,rt-staff@elist.tufts.edu,10.250.109.89
OIS - Office of Information Security,infosec-team@tufts.edu,10.250.132.172
ERP SIS - Student Alumni Services ,sis-project-tech-team@elist.tufts.edu ,10.250.152.59
RT - Research Technology,rt-staff@elist.tufts.edu,10.250.132.68
ERP FINANCE TTS,FINTECH@Tufts.Edu,10.250.140.182
ERP HR - Human Resources TTS,hr_tech_team@tufts.edu,10.250.144.73
RT - Research Technology,rt-staff@elist.tufts.edu,10.250.109.74
ESCP - Enterprise Systems/Cloud Platforms,escp@tufts.edu,10.250.130.33
ERP FINANCE TTS,FINTECH@Tufts.Edu,10.250.146.122
IAM - Identity and Access Management,iam@tufts.edu,10.250.108.30
RT - Research Technology,rt-team@tufts.edu,10.250.224.60
RT - Research Technology,rt-team@tufts.edu,10.250.224.62
ETS - Educational Technology Services,atsystems@elist.tufts.edu,10.250.109.36
KASM - Knowledge Accessibility and Service Management ITEE,itsm@tufts.edu,10.250.146.105
ERP Salesforce,John.maroudas@tufts.edu,10.250.146.67
ESCP - Enterprise Systems/Cloud Platforms,escp@tufts.edu,10.250.132.169
ERP Advancement - Student Alumni Services ,ais-programmers@elist.tufts.edu,10.250.140.82
ERP FINANCE TTS,FINTECH@Tufts.Edu,10.250.146.121
ERP AMP - Student Alumni Services,med-amptech@elist.tufts.edu,10.250.146.46
CEEO - Center for Edu. and Outreach,ceeo_itadmin@elist@tufts.edu,10.250.108.120
VET - Cummings School of Veterinary Medicine,vetapps@tufts.edu,10.250.130.215
ERP HR - Human Resources TTS,hr_tech_team@tufts.edu,10.250.144.47
IAM - Identity and Access Management,iam@tufts.edu,10.250.108.206
OPS - Operations ,tts-operationsit@tufts.edu ,10.250.146.114
WebDev - Design and Digital Solutions TTS,ttswebhosting@tufts.edu,10.250.108.176
RT - Research Technology,rt-staff@elist.tufts.edu,10.250.109.62
OPS - Operations,tts-operationsit@tufts.edu,10.250.146.14
ESCP - Enterprise Systems/Cloud Platforms,escp@tufts.edu,10.250.109.226
RT - Research Technology,rt-staff@elist.tufts.edu,10.250.109.114
IAM - Identity and Access Management,iam@tufts.edu,10.250.146.42
IAM - Identity and Access Management,iam@tufts.edu,10.250.166.40
OIS - Office of Information Security,infosec-team@tufts.edu,10.250.132.171
TELCOM - Network Operations,teldata@tufts.edu,10.250.150.222
OPS - Operations,tts-operationsit@tufts.edu,10.250.132.187
RT - Research Technology,rt-staff@elist.tufts.edu,10.250.109.102
ETS - Educational Technology Services,atsystems@elist.tufts.edu,10.250.130.125
EUC - End-Point Engineering,endpoint_engineering@elist.tufts.edu,10.250.130.89
ERP AMP - Student Alumni Services,med-amptech@elist.tufts.edu,10.250.132.57
OPS - Operations,tts-operationsit@tufts.edu,10.250.130.202
RT - Research Technology,rt-team@tufts.edu,10.250.109.2
ERP AMP - Student Alumni Services,med-amptech@elist.tufts.edu,10.250.132.64
ERP SIS - Student Alumni Services,sis-project-tech-team@elist.tufts.edu,10.250.140.51
ESCP - Enterprise Systems/Cloud Platforms,escp@tufts.edu,10.250.104.20
ESCP - Enterprise Systems/Cloud Platforms,escp@tufts.edu,10.250.224.26
ERP SIS - Student Alumni Services ,sis-project-tech-team@elist.tufts.edu ,10.250.132.240
ERP FINANCE TTS,FINTECH@Tufts.Edu,10.250.140.30
RT - Research Technology,rt-staff@elist.tufts.edu,10.250.109.94
ESCP - Enterprise Systems/Cloud Platforms,escp@tufts.edu,10.250.108.199
ERP HR - Human Resources TTS,hr_tech_team@tufts.edu,10.250.144.48
DNTL - School of Dental Medicine,tts_clinsys-request@elist.tufts.edu,10.250.155.43
ETS - Educational Technology Services,atsystems@elist.tufts.edu,10.250.108.232
ERP HR - Human Resources TTS,hr_tech_team@tufts.edu,10.250.140.66
ESCP - Enterprise Systems/Cloud Platforms,escp@tufts.edu,10.250.146.62
IAM - Identity and Access Management,iam@tufts.edu,10.250.146.17
DS - Data Strategy,ds-team@tufts.edu,10.250.140.138
ETS - Educational Technology Services,atsystems@elist.tufts.edu,10.250.108.142
ERP SIS - Student Alumni Services,sis-project-tech-team@elist.tufts.edu,10.250.140.46
ETS - Educational Technology Services,atsystems@elist.tufts.edu,10.250.109.55
ETS - Educational Technology Services,atsystems@elist.tufts.edu,10.250.130.124
ERP FINANCE TTS,FINTECH@Tufts.Edu,10.250.144.29
RT - Research Technology,rt-staff@elist.tufts.edu,10.250.109.104
FACULTY - COLO ,NA,10.250.224.42
LTS - LIBRARY,ults@elist.tufts.edu,10.250.108.246
OPS - Operations,tts-operationsit@tufts.edu,10.250.130.197
DS - Data Strategy,ds-team@tufts.edu,10.250.140.139
RT - Research Technology,rt-staff@elist.tufts.edu,10.250.109.99
IAM - Identity and Access Management,iam@tufts.edu,10.250.104.32
DNTL - School of Dental Medicine,tts_clinsys-request@elist.tufts.edu,10.250.155.53
ESCP - Enterprise Systems/Cloud Platforms,escp@tufts.edu,10.250.130.79
OPS - Operations,tts-operationsit@tufts.edu,10.250.130.209
RT - Research Technology,rt-staff@elist.tufts.edu,10.250.104.109
IAM - Identity and Access Management,iam@tufts.edu,10.250.108.169
RT - Research Technology,rt-staff@elist.tufts.edu,10.250.108.198
FACULTY - COLO,NA,10.250.224.27
RT - Research Technology,rt-staff@elist.tufts.edu,10.250.104.112
DS - Data Strategy,ds-team@tufts.edu,10.250.108.76
ERP HR - Human Resources TTS,hr_tech_team@tufts.edu,10.250.140.64
ERP SIS - Student Alumni Services,sis-project-tech-team@elist.tufts.edu,10.250.140.123
RT - Research Technology,rt-staff@elist.tufts.edu,10.250.109.9
ESCP - Enterprise Systems/Cloud Platforms ,escp@tufts.edu ,10.250.146.63
ERP FINANCE TTS ,fintech@tufts.edu ,10.250.146.147
WebDev - Design and Digital Solutions TTS,ttswebhosting@tufts.edu,10.250.108.173
LTS - LIBRARY,ults@elist.tufts.edu,10.250.108.155
ERP SIS - Student Alumni Services,sis-project-tech-team@elist.tufts.edu,10.250.152.65
ETS - Educational Technology Services,atsystems@elist.tufts.edu,10.250.108.91
TELCOM - Network Operations ,teldata@tufts.edu ,10.250.150.232
RT - Research Technology,rt-staff@elist.tufts.edu,10.250.109.72
ESCP - Enterprise Systems/Cloud Platforms,escp@tufts.edu,10.250.132.99
ERP SIS - Student Alumni Services,sis-project-tech-team@elist.tufts.edu,10.250.140.122
DS - Data Strategy,ds-team@tufts.edu,10.250.108.153
ETS - Educational Technology Services,atsystems@elist.tufts.edu,10.250.164.106
VET - Cummings School of Veterinary Medicine,vetapps@tufts.edu,10.250.130.214
ESCP - Enterprise Systems/Cloud Platforms,escp@tufts.edu,10.250.156.25
ESCP - Enterprise Systems/Cloud Platforms ,escp@tufts.edu ,10.250.132.196
LTS - LIBRARY,ults@elist.tufts.edu,10.250.109.16
ESCP - Enterprise Systems/Cloud Platforms,escp@tufts.edu,10.250.108.110
VET - Cummings School of Veterinary Medicine,vetapps@tufts.edu,10.250.130.221
RT - Research Technology,rt-staff@elist.tufts.edu,10.250.109.82
VET - Cummings School of Veterinary Medicine,vetapps@tufts.edu,10.250.108.201
OPS - Operations,tts-operationsit@tufts.edu,10.250.152.29
MED - Medical IT,jack.lai@tufts.edu,10.250.224.56
DNTL - School of Dental Medicine,tts_clinsys-request@elist.tufts.edu,10.250.130.138
DNTL - School of Dental Medicine,tts_clinsys-request@elist.tufts.edu,10.250.155.52
ETS - Educational Technology Services,atsystems@elist.tufts.edu,10.250.108.179
ESCP - Enterprise Systems/Cloud Platforms,escp@tufts.edu ,10.250.132.159
IAM - Identity and Access Management,iam@tufts.edu,10.250.146.18
FACULTY - SEI,Tufts-Server-Managers@sei.org,10.250.130.28
DS - Data Strategy,ds-team@tufts.edu,10.250.108.66
DS - Data Strategy ,ds-team@tufts.edu ,10.250.146.44
DNTL - School of Dental Medicine,tts_clinsys-request@elist.tufts.edu,10.250.104.89
IAM - Identity and Access Management,iam@tufts.edu,10.250.108.73
ESCP - Enterprise Systems/Cloud Platforms ,escp@tufts.edu ,10.250.132.197
ERP AMP - Student Alumni Services,med-amptech@elist.tufts.edu,10.250.146.131
ETS - Educational Technology Services,atsystems@elist.tufts.edu,10.250.108.248
ERP HR - Human Resources TTS,hr_tech_team@tufts.edu,10.250.140.99
ESCP - Enterprise Systems/Cloud Platforms,escp@tufts.edu,10.250.140.61
EUC - End-Point Engineering,endpoint_engineering@elist.tufts.edu,10.250.144.80
ETS - Educational Technology Services,atsystems@elist.tufts.edu,10.250.109.61
OIS - Office of Information Security,infosec-team@tufts.edu,10.250.104.71
RT - Research Technology,rt-staff@elist.tufts.edu,10.250.109.92
ESCP - Enterprise Systems/Cloud Platforms,escp@tufts.edu,10.250.108.124
ESCP - Enterprise Systems/Cloud Platforms,escp@tufts.edu,10.250.224.21
DNTL - School of Dental Medicine,tts_clinsys-request@elist.tufts.edu,10.250.130.90
ESCP - Enterprise Systems/Cloud Platforms,escp@tufts.edu,10.250.108.159
DNTL - School of Dental Medicine,tts_clinsys-request@elist.tufts.edu,10.250.155.21
RT - Research Technology,rt-staff@elist.tufts.edu,10.250.108.71
SS - Student Services,ss.techteam@ase.tufts.edu,10.250.166.100
VET - Cummings School of Veterinary Medicine,vetapps@tufts.edu,10.250.130.161
VET - Cummings School of Veterinary Medicine,vetapps@tufts.edu,10.250.146.76
ERP HR - Human Resources TTS,hr_tech_team@tufts.edu,10.250.140.113
ERP RA - Research Administration,ras-support-monitoring@elist.tufts.edu,10.250.144.68
RT - Research Technology,rt-staff@elist.tufts.edu,10.250.109.97
DS - Data Strategy,ds-team@tufts.edu,10.250.140.68
IAM - Identity and Access Management,iam@tufts.edu,10.250.140.56
ESCP - Enterprise Systems/Cloud Platforms ,escp@tufts.edu ,10.250.132.203
ESCP - Enterprise Systems/Cloud Platforms,escp@tufts.edu,10.250.108.255
WebDev - Design and Digital Solutions TTS,ttswebhosting@tufts.edu,10.250.104.99
ERP SIS - Student Alumni Services,sis-project-tech-team@elist.tufts.edu,10.250.140.81
OIS - Office of Information Security,infosec-team@tufts.edu,10.250.132.85
SMFA - School of the Museam of Fine Arts,dae.lee@tufts.edu,10.250.109.20
ESCP - Enterprise Systems/Cloud Platforms,escp@tufts.edu,10.250.100.45
ETS - Educational Technology Services,atsystems@elist.tufts.edu,10.250.108.103
ESCP - Enterprise Systems/Cloud Platforms,escp@tufts.edu,10.250.104.94
IAM - Identity and Access Management,iam@tufts.edu,10.250.132.81
OPS - Operations,tts-operationsit@tufts.edu,10.250.132.62
ESCP - Enterprise Systems/Cloud Platforms,escp@tufts.edu ,10.250.132.144
FACULTY - COLO,Iyob.Gebremariam@tufts.edu,10.250.109.47
LTS - LIBRARY,ults@elist.tufts.edu,10.250.108.32
VET - Cummings School of Veterinary Medicine,vetapps@tufts.edu,10.250.132.123
ESCP - Enterprise Systems/Cloud Platforms,escp@tufts.edu,10.250.132.98
ESCP - Enterprise Systems/Cloud Platforms,escp@tufts.edu,10.250.108.67
ESCP - Enterprise Systems/Cloud Platforms,escp@tufts.edu,10.250.108.15
IAM - Identity and Access Management ,iam@tufts.edu ,10.250.136.45
ERP FINANCE TTS,FINTECH@Tufts.Edu,10.250.144.23
TELCOM - Network Operations,teldata@tufts.edu,10.250.150.224
ESCP - Enterprise Systems/Cloud Platforms,escp@tufts.edu,10.250.224.22
ERP SIS - Student Alumni Services,sis-project-tech-team@elist.tufts.edu,10.250.140.38
DBA - Database Administration,dba_team@tufts.edu,10.250.104.23
OPS - Operations,tts-operationsit@tufts.edu,10.250.130.180
DNTL - School of Dental Medicine,tts_clinsys-request@elist.tufts.edu,10.250.104.86
RT - Research Technology,rt-team@tufts.edu,10.250.109.4
WebDev - Design and Digital Solutions TTS,ttswebhosting@tufts.edu,10.250.108.177
RT - Research Technology,rt-staff@elist.tufts.edu,10.250.109.63
ETS - Educational Technology Services,atsystems@elist.tufts.edu,10.250.108.245
IAM - Identity and Access Management,iam@tufts.edu,10.250.108.70
ETS - Educational Technology Services,atsystems@elist.tufts.edu,10.250.108.47
ESCP - Enterprise Systems/Cloud Platforms,escp@tufts.edu,10.250.132.154
RT - Research Technology,rt-staff@elist.tufts.edu,10.250.108.97
ERP SIS - Student Alumni Services,sis-project-tech-team@elist.tufts.edu,10.250.140.117
ERP SIS - Student Alumni Services,sis-project-tech-team@elist.tufts.edu,10.250.144.43
RT - Research Technology,rt-staff@elist.tufts.edu,10.250.108.226
DS - Data Strategy,ds-team@tufts.edu,10.250.140.75
ERP SIS - Student Alumni Services,sis-project-tech-team@elist.tufts.edu,10.250.140.153
IAM - Identity and Access Management,iam@tufts.edu,10.250.108.172
OPS - Operations,tts-operationsit@tufts.edu,10.250.132.233
ERP HR - Human Resources TTS,hr_tech_team@tufts.edu,10.250.144.20
RT - Research Technology,rt-staff@elist.tufts.edu,10.250.109.96
ERP RA - Research Administration,ras-support-monitoring@elist.tufts.edu,10.250.144.71
ESCP - Enterprise Systems/Cloud Platforms,escp@tufts.edu,10.250.132.97
ESCP - Enterprise Systems/Cloud Platforms,escp@tufts.edu,10.250.108.118
ESCP - Enterprise Systems/Cloud Platforms,escp@tufts.edu,10.250.132.164
DNTL - School of Dental Medicine,tts_clinsys-request@elist.tufts.edu,10.250.155.51
RT - Research Technology ,rt-team@tufts.edu ,10.250.132.228
WebDev - Design and Digital Solutions TTS,ttswebhosting@tufts.edu,10.250.104.98
ESCP - Enterprise Systems/Cloud Platforms,escp@tufts.edu,10.250.108.109
RT - Research Technology,rt-staff@elist.tufts.edu,10.250.108.231
IAM - Identity and Access Management,iam@tufts.edu,10.250.108.136
EUC - End-Point Engineering,endpoint_engineering@elist.tufts.edu,10.250.109.115
ERP SIS - Student Alumni Services,sis-project-tech-team@elist.tufts.edu,10.250.152.63
MED - Medical IT,jack.lai@tufts.edu,10.250.224.55
LTS - LIBRARY,ults@elist.tufts.edu,10.250.108.152
RT - Research Technology,rt-staff@elist.tufts.edu,10.250.224.37
OPS - Operations,tts-operationsit@tufts.edu,10.250.132.234
VET - Cummings School of Veterinary Medicine,vetapps@tufts.edu,10.250.132.179
DS - Data Strategy,ds-team@tufts.edu,10.250.109.69
NOC - Network Operations,noc@tufts.edu,10.250.108.21
TELCOM - Network Operations,teldata@tufts.edu,10.250.150.212
ERP AMP - Student Alumni Services,med-amptech@elist.tufts.edu,10.250.132.65
IAM - Identity and Access Management,iam@tufts.edu,10.250.108.187
OPS - Operations,tts-operationsit@tufts.edu,10.250.130.201
OPS - Operations,tts-operationsit@tufts.edu,10.250.132.60
RT - Research Technology,rt-staff@elist.tufts.edu,10.250.104.111
LTS - LIBRARY,ults@elist.tufts.edu,10.250.108.151
ERP AMP - Student Alumni Services,med-amptech@elist.tufts.edu,10.250.132.41
RT - Research Technology,rt-team@tufts.edu,10.250.109.3
DS - Data Strategy,ds-team@tufts.edu,10.250.224.32
ERP AMP - Student Alumni Services,med-amptech@elist.tufts.edu,10.250.146.128
ETS - Educational Technology Services,atsystems@elist.tufts.edu,10.250.108.249
ESCP - Enterprise Systems/Cloud Platforms,escp@tufts.edu,10.250.109.225
FACULTY - COLO,geore.mcninch@tufts.edu,10.250.108.117
ETS - Educational Technology Services,atsystems@elist.tufts.edu,10.250.108.106
ERP SIS - Student Alumni Services ,sis-project-tech-team@elist.tufts.edu ,10.250.152.60
WebDev - Design and Digital Solutions TTS,ttswebhosting@tufts.edu,10.250.108.222
ERP FINANCE TTS,FINTECH@Tufts.Edu,10.250.140.20
ERP HR - Human Resources TTS,hr_tech_team@tufts.edu,10.250.140.59
VET - Cummings School of Veterinary Medicine,vetapps@tufts.edu,10.250.132.27
ERP HR - Human Resources TTS,hr_tech_team@tufts.edu,10.250.140.146
FACULTY - COLO,gloria.lam@tufts.edu,10.250.108.250
ESCP - Enterprise Systems/Cloud Platforms,escp@tufts.edu,10.250.109.227
ERP HR - Human Resources TTS,hr_tech_team@tufts.edu,10.250.140.105
ERP SIS - Student Alumni Services,sis-project-tech-team@elist.tufts.edu,10.250.140.137
DNTL - School of Dental Medicine,tts_clinsys-request@elist.tufts.edu,10.250.155.42
OPS - Operations,tts-operationsit@tufts.edu,10.250.130.198
RT - Research Technology,rt-team@tufts.edu,10.250.224.69
ESCP - Enterprise Systems/Cloud Platforms,escp@tufts.edu,10.250.108.68
TELCOM - Network Operations,teldata@tufts.edu,10.250.132.47
ERP SIS - Student Alumni Services,sis-project-tech-team@elist.tufts.edu,10.250.152.50
ETS - Educational Technology Services,atsystems@elist.tufts.edu,10.250.108.74
IAM - Identity and Access Management,iam@tufts.edu,10.250.166.42
EUC - End-Point Engineering,endpoint_engineering@elist.tufts.edu,10.250.146.68
DS - Data Strategy,ds-team@tufts.edu,10.250.140.111
RT - Research Technology,rt-staff@elist.tufts.edu,10.250.224.38
FACULTY - COLO ,NA,10.250.224.43
ERP HR - Human Resources TTS,hr_tech_team@tufts.edu,10.250.140.65
ERP HR - Human Resources TTS,hr_tech_team@tufts.edu,10.250.144.72
ESCP - Enterprise Systems/Cloud Platforms,escp@tufts.edu,10.250.156.51
OPS - Operations,tts-operationsit@tufts.edu,10.250.152.25
ESCP - Enterprise Systems/Cloud Platforms,escp@tufts.edu,10.250.130.12
ESCP - Enterprise Systems/Cloud Platforms,escp@tufts.edu,10.250.108.200
RT - Research Technology ,rt-team@tufts.edu ,10.250.132.227
ETS - Educational Technology Services,atsystems@elist.tufts.edu,10.250.108.213
ETS - Educational Technology Services,atsystems@elist.tufts.edu,10.250.108.197
ESCP - Enterprise Systems/Cloud Platforms,escp@tufts.edu,10.250.132.40
ESCP - Enterprise Systems/Cloud Platforms,escp@tufts.edu,10.250.144.65
ERP HR - Human Resources TTS,hr_tech_team@tufts.edu,10.250.140.107
ESCP - Enterprise Systems/Cloud Platforms,escp@tufts.edu,10.250.108.214
ERP SIS - Student Alumni Services,sis-project-tech-team@elist.tufts.edu,10.250.152.64
OPS - Operations ,tts-operationsit@tufts.edu ,10.250.146.111
TELCOM - Network Operations,teldata@tufts.edu,10.250.150.220
TELCOM - Network Operations,teldata@tufts.edu,10.250.150.210
IAM - Identity and Access Management,iam@tufts.edu,10.250.166.48
ERP HR - Human Resources TTS,hr_tech_team@tufts.edu,10.250.140.44
ETS - Educational Technology Services,atsystems@elist.tufts.edu,10.250.109.37
IAM - Identity and Access Management,iam@tufts.edu,10.250.140.85
RT - Research Technology,rt-staff@elist.tufts.edu,10.250.109.85
WebDev - Design and Digital Solutions TTS,ttswebhosting@tufts.edu,10.250.109.116
ERP TIDAL - Student Alumni Services,sis-project-tech-team@elist.tufts.edu,10.250.132.54
RT - Research Technology,rt-team@tufts.edu,10.250.108.254
ESCP - Enterprise Systems/Cloud Platforms ,escp@tufts.edu ,10.250.132.131
OPS - Operations,tts-operationsit@tufts.edu,10.250.108.39
ETS - Educational Technology Services,atsystems@elist.tufts.edu,10.250.108.75
ESCP - Enterprise Systems/Cloud Platforms,escp@tufts.edu,10.250.132.141
FACULTY - COLO,Matthew.Alander@tufts.edu,10.250.224.31
WebDev - Design and Digital Solutions TTS,ttswebhosting@tufts.edu,10.250.130.94
VET - Cummings School of Veterinary Medicine ,vetapps@tufts.edu,10.250.156.37
FACULTY - COLO,Fabio.De_Ferrari@tufts.edu,10.250.224.35
ESCP - Enterprise Systems/Cloud Platforms,escp@tufts.edu,10.250.108.58
RT - Research Technology,rt-staff@elist.tufts.edu,10.250.109.90
FACULTY - COLO,lawrence.aulenback@tufts.edu,10.250.224.40
RT - Research Technology,rt-team@tufts.edu,10.250.224.58
RT - Research Technology,rt-team@tufts.edu,10.250.108.227
OPS - Operations,tts-operationsit@tufts.edu,10.250.132.63
DNTL - School of Dental Medicine,tts_clinsys-request@elist.tufts.edu,10.250.155.44
ERP TIDAL - Student Alumni Services,sis-project-tech-team@elist.tufts.edu,10.250.146.65
ERP SIS - Student Alumni Services,sis-project-tech-team@elist.tufts.edu,10.250.140.151
EUC - End-Point Engineering ,endpoint_engineering@elist.tufts.edu ,10.250.132.168
ESCP - Enterprise Systems/Cloud Platforms,escp@tufts.edu,10.250.156.34
ESCP - Enterprise Systems/Cloud Platforms,escp@tufts.edu ,10.250.132.166
ERP Advancement - Student Alumni Services ,ais-programmers@elist.tufts.edu,10.250.140.27
UCM - University Communications,markopstech@tufts.edu,10.250.109.11
VET - Cummings School of Veterinary Medicine,vetapps@tufts.edu,10.250.130.219
OIS - Office of Information Security ,infosec-team@tufts.edu ,10.250.132.174
DNTL - School of Dental Medicine,tts_clinsys-request@elist.tufts.edu,10.250.155.38
VET - Cummings School of Veterinary Medicine,vetapps@tufts.edu,10.250.130.220
LTS - LIBRARY,ults@elist.tufts.edu,10.250.109.6
VET - Cummings School of Veterinary Medicine,vetapps@tufts.edu,10.250.132.215
OIS - Office of Information Security,infosec-team@tufts.edu,10.250.104.75
ERP Advancement - Student Alumni Services ,ais-programmers@elist.tufts.edu,10.250.140.69
ESCP - Enterprise Systems/Cloud Platforms,escp@tufts.edu,10.250.155.5
WebDev - Design and Digital Solutions TTS,ttswebhosting@tufts.edu,10.250.109.21
VET - Cummings School of Veterinary Medicine,vetapps@tufts.edu,10.250.132.216
ESCP - Enterprise Systems/Cloud Platforms,escp@tufts.edu,10.250.224.23
ERP RA - Research Administration,ras-support-monitoring@elist.tufts.edu,10.250.144.69
VET - Cummings School of Veterinary Medicine ,vetapps@tufts.edu,10.250.132.192
DCO - Data Center Operations,teldata@tufts.edu,10.250.140.160
ESCP - Enterprise Systems/Cloud Platforms,escp@tufts.edu,10.250.144.53
ESCP - Enterprise Systems/Cloud Platforms ,escp@tufts.edu ,10.250.132.177
RT - Research Technology,rt-staff@elist.tufts.edu,10.250.109.91
ERP HR - Human Resources TTS,hr_tech_team@tufts.edu,10.250.140.114
IAM - Identity and Access Management,iam@tufts.edu,10.250.166.27
ETS - Educational Technology Services,atsystems@elist.tufts.edu,10.250.109.60
FACULTY - SEI,Tufts-Server-Managers@sei.org,10.250.146.79
ETS - Educational Technology Services,atsystems@elist.tufts.edu,10.250.108.44
ERP FINANCE TTS,FINTECH@Tufts.Edu,10.250.130.128
IAM - Identity and Access Management,iam@tufts.edu,10.250.136.89
IAM - Identity and Access Management,iam@tufts.edu,10.250.104.125
RT - Research Technology,rt-staff@elist.tufts.edu,10.250.108.202
RT - Research Technology,rt-staff@elist.tufts.edu,10.250.109.70
IAM - Identity and Access Management,iam@tufts.edu,10.250.108.242
IAM - Identity and Access Management,iam@tufts.edu,10.250.140.57
ETS - Educational Technology Services,atsystems@elist.tufts.edu,10.250.108.144
ERP HR - Human Resources TTS,hr_tech_team@tufts.edu,10.250.144.56
DS - Data Strategy,ds-team@tufts.edu,10.250.109.182
ERP SIS - Student Alumni Services,sis-project-tech-team@elist.tufts.edu,10.250.140.37
RT - Research Technology,rt-staff@elist.tufts.edu,10.250.109.75
NUT - Friedman School of Nutrition Science and Policy,Annie.devane@tufts.edu,10.250.108.164
ERP TIDAL - Student Alumni Services,sis-project-tech-team@elist.tufts.edu,10.250.104.51
ERP HR - Human Resources TTS ,hr_tech_team@tufts.edu ,10.250.146.124
ESCP - Enterprise Systems/Cloud Platforms,escp@tufts.edu ,10.250.132.138
TELCOM - Network Operations ,teldata@tufts.edu ,10.250.150.230
RT - Research Technology,rt-team@tufts.edu,10.250.108.130
RT - Research Technology,rt-staff@elist.tufts.edu,10.250.109.79
DS - Data Strategy,ds-team@tufts.edu,10.250.109.110
ESCP - Enterprise Systems/Cloud Platforms,escp@tufts.edu,10.250.132.163
RT - Research Technology,rt-staff@elist.tufts.edu,10.250.109.86
ETS - Educational Technology Services,atsystems@elist.tufts.edu,10.250.108.185
DBA - Database Administration,dba_team@tufts.edu,10.250.141.19
ESCP - Enterprise Systems/Cloud Platforms,escp@tufts.edu,10.250.146.54
IAM - Identity and Access Management,iam@tufts.edu,10.250.166.49
SS - Student Services ,ss.techteam@ase.tufts.edu ,10.250.132.28
RT - Research Technology,rt-staff@elist.tufts.edu,10.250.109.73
FACULTY - COLO,Iyob.Gebremariam@tufts.edu,10.250.109.51
ERP FINANCE TTS,FINTECH@Tufts.Edu,10.250.140.49
ESCP - Enterprise Systems/Cloud Platforms,escp@tufts.edu,10.250.156.33
ESCP - Enterprise Systems/Cloud Platforms,escp@tufts.edu,10.250.109.238
DS - Data Strategy,ds-team@tufts.edu,10.250.224.33
RT - Research Technology,rt-staff@elist.tufts.edu,10.250.109.98
OPS - Operations,tts-operationsit@tufts.edu,10.250.152.20
FACULTY - SEI,Tufts-Server-Managers@sei.org,10.250.224.57
WebDev - Design and Digital Solutions TTS,ttswebhosting@tufts.edu,10.250.108.174
VET - Cummings School of Veterinary Medicine,vetapps@tufts.edu,10.250.130.213
ERP SIS - Student Alumni Services,sis-project-tech-team@elist.tufts.edu,10.250.140.86
RT - Research Technology,rt-staff@elist.tufts.edu,10.250.109.71
RT - Research Technology,rt-staff@elist.tufts.edu,10.250.109.83
ERP HR - Human Resources TTS,hr_tech_team@tufts.edu,10.250.140.147
LTS - LIBRARY,ults@elist.tufts.edu,10.250.130.152
DNTL - School of Dental Medicine,tts_clinsys-request@elist.tufts.edu,10.250.130.30
ERP SIS - Student Alumni Services,sis-project-tech-team@elist.tufts.edu,10.250.144.75
ESCP - Enterprise Systems/Cloud Platforms,escp@tufts.edu,10.250.109.218
ERP FINANCE TTS,FINTECH@Tufts.Edu,10.250.140.35
ERP FINANCE TTS,FINTECH@Tufts.Edu,10.250.146.32
LTS - LIBRARY,ults@elist.tufts.edu,10.250.109.30
ERP HR - Human Resources TTS,hr_tech_team@tufts.edu,10.250.132.125
FACULTY - COLO,Christina.Filipovic@tufts.edu,10.250.224.66
ERP HR - Human Resources TTS,hr_tech_team@tufts.edu,10.250.140.54
IAM - Identity and Access Management,iam@tufts.edu,10.250.156.48
ESCP - Enterprise Systems/Cloud Platforms,escp@tufts.edu,10.250.108.119
ERP AMP - Student Alumni Services,med-amptech@elist.tufts.edu,10.250.146.116
ESCP - Enterprise Systems/Cloud Platforms,escp@tufts.edu,10.250.108.85
VET - Cummings School of Veterinary Medicine,vetapps@tufts.edu,10.250.132.118
LTS - LIBRARY,ults@elist.tufts.edu,10.250.109.157
ETS - Educational Technology Services,atsystems@elist.tufts.edu,10.250.108.107
ERP SIS - Student Alumni Services ,sis-project-tech-team@elist.tufts.edu ,10.250.152.67
ESCP - Enterprise Systems/Cloud Platforms,escp@tufts.edu,10.250.140.157
ERP SIS - Student Alumni Services,sis-project-tech-team@elist.tufts.edu,10.250.144.84
OPS - Operations,tts-operationsit@tufts.edu,10.250.130.200
WebDev - Design and Digital Solutions TTS,ttswebhosting@tufts.edu,10.250.108.161
DNTL - School of Dental Medicine,tts_clinsys-request@elist.tufts.edu,10.250.155.45
ERP SIS - Student Alumni Services,sis-project-tech-team@elist.tufts.edu,10.250.140.121
ERP SIS - Student Alumni Services,sis-project-tech-team@elist.tufts.edu,10.250.140.31
ETS - Educational Technology Services,atsystems@elist.tufts.edu,10.250.108.51
FACULTY - COLO ,N/A,10.250.146.83
ERP Uachieve - Student Alumni Services,sis-project-tech-team@elist.tufts.edu,10.250.140.23
ERP SIS - Student Alumni Services,sis-project-tech-team@elist.tufts.edu,10.250.140.90
EUC - End-Point Engineering,endpoint_engineering@elist.tufts.edu,10.250.132.32
IAM - Identity and Access Management,iam@tufts.edu,10.250.132.83
DS - Data Strategy,ds-team@tufts.edu,10.250.108.88
ERP HR - Human Resources TTS,hr_tech_team@tufts.edu,10.250.132.18
RT - Research Technology,rt-staff@elist.tufts.edu,10.250.108.219
RT - Research Technology,rt-staff@elist.tufts.edu,10.250.109.113
ESCP - Enterprise Systems/Cloud Platforms,escp@tufts.edu,10.250.130.76
VET - Cummings School of Veterinary Medicine,vetapps@tufts.edu,10.250.132.184
DNTL - School of Dental Medicine,tts_clinsys-request@elist.tufts.edu,10.250.104.91
SS - Student Services,ss.techteam@ase.tufts.edu,10.250.166.101
VET - Cummings School of Veterinary Medicine,vetapps@tufts.edu,10.250.132.122
DBA - Database Administration,dba_team@tufts.edu ,10.250.132.245
ESCP - Enterprise Systems/Cloud Platforms ,escp@tufts.edu ,10.250.132.14
RT - Research Technology,rt-team@tufts.edu,10.250.224.68
ESCP - Enterprise Systems/Cloud Platforms,escp@tufts.edu,10.250.144.52
VET - Cummings School of Veterinary Medicine,vetapps@tufts.edu,10.250.130.222
ESCP - Enterprise Systems/Cloud Platforms,escp@tufts.edu,10.250.108.27
RT - Research Technology,rt-staff@elist.tufts.edu,10.250.108.50
ERP HR - Human Resources TTS,hr_tech_team@tufts.edu,10.250.140.116
ESCP - Enterprise Systems/Cloud Platforms,escp@tufts.edu,10.250.132.67
ESCP - Enterprise Systems/Cloud Platforms,escp@tufts.edu,10.250.104.93
DBA - Database Administration,dba_team@tufts.edu,10.250.140.130
ERP SIS - Student Alumni Services,sis-project-tech-team@elist.tufts.edu,10.250.144.42
ETS - Educational Technology Services,atsystems@elist.tufts.edu,10.250.108.186
NOC - Network Operations,noc@tufts.edu,10.250.104.59
ESCP - Enterprise Systems/Cloud Platforms,escp@tufts.edu,10.250.104.95
ERP SIS - Student Alumni Services,sis-project-tech-team@elist.tufts.edu,10.250.144.83
IAM - Identity and Access Management,iam@tufts.edu,10.250.132.175
DNTL - School of Dental Medicine,tts_clinsys-request@elist.tufts.edu,10.250.130.31
RT - Research Technology,rt-staff@elist.tufts.edu,10.250.108.82
FACULTY - COLO,chris.rogers@tufts.edu,10.250.224.24
ERP RA - Research Administration,ras-support-monitoring@elist.tufts.edu,10.250.140.125
ERP FINANCE TTS,FINTECH@Tufts.Edu,10.250.141.71
DNTL - School of Dental Medicine,tts_clinsys-request@elist.tufts.edu,10.250.155.29
DBA - Database Administration,dba_team@tufts.edu,10.250.140.134
LTS - LIBRARY,ults@elist.tufts.edu,10.250.130.108
RT - Research Technology,rt-staff@elist.tufts.edu,10.250.108.72
SS - Student Services,tts-slate-team@elist.tufts.edu,10.250.224.81
ESCP - Enterprise Systems/Cloud Platforms,escp@tufts.edu,10.250.224.25
ETS - Educational Technology Services,atsystems@elist.tufts.edu,10.250.108.28
RT - Research Technology,rt-staff@elist.tufts.edu,10.250.132.43
ERP SIS - Student Alumni Services,sis-project-tech-team@elist.tufts.edu,10.250.140.40
DS - Data Strategy,ds-team@tufts.edu,10.250.108.69
RT - Research Technology,rt-staff@elist.tufts.edu,10.250.130.95
OIS - Office of Information Security,infosec-team@tufts.edu,10.250.108.33
LTS - LIBRARY,ults@elist.tufts.edu,10.250.108.150
RT - Research Technology,rt-staff@elist.tufts.edu,10.250.108.210
,,10.250.109.108
ERP SIS - Student Alumni Services,sis-project-tech-team@elist.tufts.edu,10.250.144.58
ERP HR - Human Resources TTS,hr_tech_team@tufts.edu,10.250.140.112
OPS - Operations,tts-operationsit@tufts.edu,10.250.140.84
DCO - Data Center Operations,teldata@tufts.edu,10.250.108.80
ESCP - Enterprise Systems/Cloud Platforms,escp@tufts.edu,10.250.104.27
ERP Advancement - Student Alumni Services ,ais-programmers@elist.tufts.edu,10.250.140.155
ERP HR - Human Resources TTS,hr_tech_team@tufts.edu,10.250.140.115
ERP HR - Human Resources TTS,hr_tech_team@tufts.edu,10.250.140.50
ERP SIS - Student Alumni Services,sis-project-tech-team@elist.tufts.edu,10.250.140.89
ERP SIS - Student Alumni Services,sis-project-tech-team@elist.tufts.edu,10.250.144.44
ERP HR - Human Resources TTS,hr_tech_team@tufts.edu,10.250.140.63
VET - Cummings School of Veterinary Medicine,vetapps@tufts.edu,10.250.108.193
DS - Data Strategy,ds-team@tufts.edu,10.250.146.36
IAM - Identity and Access Management,iam@tufts.edu,10.250.156.49
RT - Research Technology - COLO,rt-staff@elist.tufts.edu,10.250.224.80
RT - Research Technology,rt-team@tufts.edu,10.250.108.108
ESCP - Enterprise Systems/Cloud Platforms,escp@tufts.edu,10.250.108.18
ESCP - Enterprise Systems/Cloud Platforms,escp@tufts.edu,10.250.130.105
ERP RA - Research Administration,ras-support-monitoring@elist.tufts.edu,10.250.144.66
ETS - Educational Technology Services,atsystems@elist.tufts.edu,10.250.109.163
RT - Research Technology,rt-staff@elist.tufts.edu,10.250.108.65
VET - Cummings School of Veterinary Medicine,vetapps@tufts.edu,10.250.130.122
IAM - Identity and Access Management,iam@tufts.edu,10.250.156.50
AV - Audio/Video,medfordav@elist.tufts.edu,10.250.108.208
ERP FINANCE TTS,FINTECH@Tufts.Edu,10.250.144.25
EUC - End-Point Engineering,endpoint_engineering@elist.tufts.edu,10.250.130.67
ERP HR - Human Resources TTS,hr_tech_team@tufts.edu,10.250.144.57
ERP SIS - Student Alumni Services,sis-project-tech-team@elist.tufts.edu,10.250.140.78
EUC - End-Point Engineering,endpoint_engineering@elist.tufts.edu,10.250.132.84
ESCP - Enterprise Systems/Cloud Platforms,escp@tufts.edu,10.250.132.130
OPS - Operations ,tts-operationsit@tufts.edu ,10.250.146.110
ERP SIS - Student Alumni Services ,sis-project-tech-team@elist.tufts.edu ,10.250.152.68
ESCP - Enterprise Systems/Cloud Platforms ,escp@tufts.edu ,10.250.132.199
ESCP - Enterprise Systems/Cloud Platforms,escp@tufts.edu ,10.250.132.79
EUC - End-Point Engineering,endpoint_engineering@elist.tufts.edu,10.250.130.88
ESCP - Enterprise Systems/Cloud Platforms,escp@tufts.edu,10.250.108.60
ERP SIS - Student Alumni Services ,sis-project-tech-team@elist.tufts.edu ,10.250.152.66
DS - Data Strategy,ds-team@tufts.edu,10.250.108.132
ERP TIDAL - Student Alumni Services,sis-project-tech-team@elist.tufts.edu,10.250.104.57
DS - Data Strategy,ds-team@tufts.edu,10.250.109.183
RT - Research Technology,rt-staff@elist.tufts.edu,10.250.109.105
OPS - Operations,tts-operationsit@tufts.edu,10.250.140.152
ERP Elements - Student Alumni Services,topaz_elements@elist.tufts.edu,10.250.130.172
RT - Research Technology,rt-staff@elist.tufts.edu,10.250.108.230
ERP SIS - Student Alumni Services,sis-project-tech-team@elist.tufts.edu,10.250.140.53
ESCP - Enterprise Systems/Cloud Platforms ,escp@tufts.edu ,10.250.132.132
ERP AMP - Student Alumni Services,med-amptech@elist.tufts.edu,10.250.132.72
ESCP - Enterprise Systems/Cloud Platforms,escp@tufts.edu,10.250.104.81
IAM - Identity and Access Management,iam@tufts.edu,10.250.132.48
DNTL - School of Dental Medicine,tts_clinsys-request@elist.tufts.edu,10.250.108.165
ERP SIS - Student Alumni Services,sis-project-tech-team@elist.tufts.edu,10.250.140.118
ERP RA - Research Administration,ras-support-monitoring@elist.tufts.edu,10.250.140.127
IAM - Identity and Access Management,iam@tufts.edu,10.250.166.38
ERP SIS - Student Alumni Services,sis-project-tech-team@elist.tufts.edu,10.250.144.34
IAM - Identity and Access Management,iam@tufts.edu,10.250.166.41
FACULTY - COLO,gitanjali.singh@tufts.edu,10.250.224.51
OPS - Operations,tts-operationsit@tufts.edu,10.250.152.31
ESCP - Enterprise Systems/Cloud Platforms,escp@tufts.edu,10.250.108.16
IAM - Identity and Access Management,iam@tufts.edu,10.250.108.170
ESCP - Enterprise Systems/Cloud Platforms,escp@tufts.edu,10.250.104.31
ERP HR - Human Resources TTS,hr_tech_team@tufts.edu,10.250.140.72
WebDev - Design and Digital Solutions TTS,ttswebhosting@tufts.edu,10.250.108.175
ERP SIS - Student Alumni Services,sis-project-tech-team@elist.tufts.edu,10.250.140.144
Office of Campus Life,annie.wong@tufts.edu,10.250.224.50
ESCP - Enterprise Systems/Cloud Platforms,escp@tufts.edu,10.250.130.29
TELCOM - Network Operations,teldata@tufts.edu,10.250.150.214
OPS - Operations,tts-operationsit@tufts.edu,10.250.108.128
IAM - Identity and Access Management,iam@tufts.edu,10.250.166.39
ERP FINANCE TTS ,fintech@tufts.edu ,10.250.146.148
ERP FINANCE TTS,FINTECH@Tufts.Edu,10.250.140.42
ESCP - Enterprise Systems/Cloud Platforms,escp@tufts.edu,10.250.132.102
RT - Research Technology,rt-staff@elist.tufts.edu,10.250.108.220
ERP SIS - Student Alumni Services,sis-project-tech-team@elist.tufts.edu,10.250.140.47
VET - Cummings School of Veterinary Medicine,vetapps@tufts.edu,10.250.130.216
ERP HR - Human Resources TTS,hr_tech_team@tufts.edu,10.250.140.106
ERP HR - Human Resources TTS,hr_tech_team@tufts.edu,10.250.144.54
OPS - Operations,tts-operationsit@tufts.edu,10.250.130.207
EUC - End-Point Engineering,endpoint_engineering@elist.tufts.edu,10.250.132.109
ERP HR - Human Resources TTS,hr_tech_team@tufts.edu,10.250.144.55
ERP Elements - Student Alumni Services,topaz_elements@elist.tufts.edu,10.250.130.173
ETS - Educational Technology Services,atsystems@elist.tufts.edu,10.250.108.62
ESCP - Enterprise Systems/Cloud Platforms,escp@tufts.edu,10.250.146.112
VET - Cummings School of Veterinary Medicine,vetapps@tufts.edu,10.250.132.128
TELCOM - Network Operations ,teldata@tufts.edu ,10.250.150.231
RT - Research Technology,rt-staff@elist.tufts.edu,10.250.109.100
ERP FINANCE TTS,FINTECH@Tufts.Edu,10.250.140.161
ERP SIS - Student Alumni Services,sis-project-tech-team@elist.tufts.edu,10.250.140.150
ESCP - Enterprise Systems/Cloud Platforms,escp@tufts.edu,10.250.108.140
FACULTY - COLO,jp.deruiter@tufts.edu,10.250.224.46
ERP RA - Research Administration,ras-support-monitoring@elist.tufts.edu,10.250.140.126
IAM - Identity and Access Management,iam@tufts.edu,10.250.166.52
ERP SIS - Student Alumni Services,sis-project-tech-team@elist.tufts.edu,10.250.144.85
RT - Research Technology,rt-staff@elist.tufts.edu,10.250.109.103
ESCP - Enterprise Systems/Cloud Platforms ,escp@tufts.edu ,10.250.132.59
ERP SIS - Student Alumni Services,sis-project-tech-team@elist.tufts.edu,10.250.144.46
ERP Elements - Student Alumni Services,topaz_elements@elist.tufts.edu,10.250.130.171
RT - Research Technology,rt-staff@elist.tufts.edu,10.250.109.8
DNTL - School of Dental Medicine,tts_clinsys-request@elist.tufts.edu,10.250.155.22
ESCP - Enterprise Systems/Cloud Platforms,escp@tufts.edu,10.250.104.21
EUC - End-Point Engineering ,endpoint_engineering@elist.tufts.edu ,10.250.132.91
OPS - Operations,tts-operationsit@tufts.edu,10.250.152.154
ERP FINANCE TTS,FINTECH@Tufts.Edu,10.250.140.181
ERP AMP - Student Alumni Services,med-amptech@elist.tufts.edu,10.250.146.135
OIS - Office of Information Security,infosec-team@tufts.edu,10.250.104.85
ERP FINANCE TTS,FINTECH@Tufts.Edu,10.250.140.21
DS - Data Strategy,ds-team@tufts.edu,10.250.140.74
ETS - Educational Technology Services,atsystems@elist.tufts.edu,10.250.108.31
ETS - Educational Technology Services,atsystems@elist.tufts.edu,10.250.108.64
FACULTY - COLO,muhammad.qadri@tufts.edu,10.250.224.52
RT - Research Technology,rt-staff@elist.tufts.edu,10.250.109.93
RT - Research Technology,rt-staff@elist.tufts.edu,10.250.108.55
ERP HR - Human Resources TTS,hr_tech_team@tufts.edu,10.250.144.39
ERP SIS - Student Alumni Services,sis-project-tech-team@elist.tufts.edu,10.250.146.33
ESCP - Enterprise Systems/Cloud Platforms,escp@tufts.edu ,10.250.132.73
LTS - LIBRARY,ults@elist.tufts.edu,10.250.109.156
ESCP - Enterprise Systems/Cloud Platforms,escp@tufts.edu ,10.250.132.137
OIS - Office of Information Security,infosec-team@tufts.edu,10.250.104.70
DCO - Data Center Operations,teldata@tufts.edu,10.250.108.180
ETS - Educational Technology Services,atsystems@elist.tufts.edu,10.250.108.143
ERP FINANCE TTS,FINTECH@Tufts.Edu,10.250.144.22
ERP FINANCE TTS,FINTECH@Tufts.Edu,10.250.140.70
ERP HR - Human Resources TTS,hr_tech_team@tufts.edu,10.250.132.19
RT - Research Technology,rt-staff@elist.tufts.edu,10.250.109.88
ERP SIS - Student Alumni Services,sis-project-tech-team@elist.tufts.edu,10.250.140.39
EUC - End-Point Engineering,endpoint_engineering@elist.tufts.edu,10.250.109.106
ERP Uachieve - Student Alumni Services,sis-project-tech-team@elist.tufts.edu,10.250.140.22
ERP HR - Human Resources TTS,hr_tech_team@tufts.edu,10.250.140.71
DBA - Database Administration,dba_team@tufts.edu,10.250.141.18
ERP HR - Human Resources TTS ,rt-team@tufts.edu ,10.250.146.125
FACULTY - COLO,escp@tufts.edu,10.250.224.48
ETS - Educational Technology Services,atsystems@elist.tufts.edu,10.250.108.89
ETS - Educational Technology Services,atsystems@elist.tufts.edu,10.250.164.209
RT - Research Technology,rt-staff@elist.tufts.edu,10.250.109.78
ETS - Educational Technology Services,atsystems@elist.tufts.edu,10.250.108.233
IAM - Identity and Access Management,iam@tufts.edu,10.250.166.29
EUC - End-Point Engineering ,endpoint_engineering@elist.tufts.edu ,10.250.146.99
IAM - Identity and Access Management,iam@tufts.edu,10.250.132.105
DNTL - School of Dental Medicine,tts_clinsys-request@elist.tufts.edu,10.250.155.35
ESCP - Enterprise Systems/Cloud Platforms,escp@tufts.edu ,10.250.132.143
,,10.250.132.100
ERP Advancement - Student Alumni Services ,ais-programmers@elist.tufts.edu,10.250.140.26
RT - Research Technology,rt-staff@elist.tufts.edu,10.250.109.101
FACULTY - COLO,Elina.Radchenko@tufts.edu,10.250.224.53
ERP HR - Human Resources TTS,hr_tech_team@tufts.edu,10.250.140.43
ESCP - Enterprise Systems/Cloud Platforms ,escp@tufts.edu ,10.250.132.198
ERP FINANCE TTS,FINTECH@Tufts.Edu,10.250.140.25
OPS - Operations,tts-operationsit@tufts.edu,10.250.132.87
RT - Research Technology,rt-staff@elist.tufts.edu,10.250.108.209
ERP RA - Research Administration,ras-support-monitoring@elist.tufts.edu,10.250.144.70
ERP HR - Human Resources TTS,hr_tech_team@tufts.edu,10.250.140.60
ERP SIS - Student Alumni Services,sis-project-tech-team@elist.tufts.edu,10.250.152.62
ERP HR - Human Resources TTS,hr_tech_team@tufts.edu,10.250.146.52
FACULTY - SEI,Tufts-Server-Managers@sei.org,10.250.146.78
RT - Research Technology,rt-staff@elist.tufts.edu,10.250.108.204
IAM - Identity and Access Management,iam@tufts.edu,10.250.140.145
ERP HR - Human Resources TTS,hr_tech_team@tufts.edu,10.250.132.126
AV - Audio/Video,medfordav@elist.tufts.edu,10.250.146.96
IAM - Identity and Access Management,iam@tufts.edu,10.250.104.88
OIS - Office of Information Security,infosec-team@tufts.edu,10.250.104.65
DS - Data Strategy,ds-team@tufts.edu,10.250.108.188
ESCP - Enterprise Systems/Cloud Platforms,escp@tufts.edu,10.250.156.28
ESCP - Enterprise Systems/Cloud Platforms,escp@tufts.edu,10.250.146.59
ERP Uachieve - Student Alumni Services,sis-project-tech-team@elist.tufts.edu,10.250.141.156
RT - Research Technology,rt-staff@elist.tufts.edu,10.250.108.205
UCM - University Communications,markopstech@tufts.edu,10.250.109.14
OIS - Office of Information Security,infosec-team@tufts.edu,10.250.104.74
ERP SIS - Student Alumni Services,sis-project-tech-team@elist.tufts.edu,10.250.140.36
ETS - Educational Technology Services,atsystems@elist.tufts.edu,10.250.108.212
ESCP - Enterprise Systems/Cloud Platforms,escp@tufts.edu ,10.250.132.165
ETS - Educational Technology Services,atsystems@elist.tufts.edu,10.250.108.181
RT - Research Technology,rt-staff@elist.tufts.edu,10.250.109.84
IAM - Identity and Access Management,iam@tufts.edu,10.250.108.61
ERP TIDAL - Student Alumni Services,sis-project-tech-team@elist.tufts.edu,10.250.132.53
ESCP - Enterprise Systems/Cloud Platforms ,escp@tufts.edu ,10.250.132.178
IAM - Identity and Access Management,iam@tufts.edu,10.250.136.88
DNTL - School of Dental Medicine,tts_clinsys-request@elist.tufts.edu,10.250.155.40
VET - Cummings School of Veterinary Medicine,vetapps@tufts.edu,10.250.130.54
ESCP - Enterprise Systems/Cloud Platforms,escp@tufts.edu,10.250.108.112
RT - Research Technology,rt-staff@elist.tufts.edu,10.250.109.111
FACULTY - COLO,marvin.nachatelo@tufts.edu,10.250.224.28
ESCP - Enterprise Systems/Cloud Platforms,escp@tufts.edu,10.250.108.195
ETS - Educational Technology Services,atsystems@elist.tufts.edu,10.250.108.141
DNTL - School of Dental Medicine,tts_clinsys-request@elist.tufts.edu,10.250.155.36
IAM - Identity and Access Management,iam@tufts.edu,10.250.132.31
ERP SIS - Student Alumni Services,sis-project-tech-team@elist.tufts.edu,10.250.144.35
AV - Audio/Video,medfordav@elist.tufts.edu,10.250.146.97
IAM - Identity and Access Management,iam@tufts.edu,10.250.166.51
ERP SIS - Student Alumni Services,sis-project-tech-team@elist.tufts.edu,10.250.140.95
OPS - Operations,tts-operationsit@tufts.edu,10.250.132.70
RT - Research Technology,rt-team@tufts.edu,10.250.108.133
ESCP - Enterprise Systems/Cloud Platforms,escp@tufts.edu,10.250.132.71
IAM - Identity and Access Management,iam@tufts.edu,10.250.108.56
RT - Research Technology,rt-staff@elist.tufts.edu,10.250.130.118
ETS - Educational Technology Services,atsystems@elist.tufts.edu,10.250.164.150
ETS - Educational Technology Services,atsystems@elist.tufts.edu,10.250.108.48
ERP SIS - Student Alumni Services,sis-project-tech-team@elist.tufts.edu,10.250.140.52
ESCP - Enterprise Systems/Cloud Platforms,escp@tufts.edu,10.250.109.237
FACULTY,elizabeth.setren@tufts.edu,10.250.130.16
KASM - Knowledge Accessibility and Service Management ITEE,itsm@tufts.edu,10.250.146.106
RT - Research Technology,rt-staff@elist.tufts.edu,10.250.108.221
DS - Data Strategy,ds-team@tufts.edu,10.250.109.109
RT - Research Technology,rt-staff@elist.tufts.edu,10.250.109.76
KASM - Knowledge Accessibility and Service Management ITEE,itsm@tufts.edu,10.250.146.107
ERP HR - Human Resources TTS,hr_tech_team@tufts.edu,10.250.140.87
OPS - Operations ,tts-operationsit@tufts.edu ,10.250.152.32
ERP HR - Human Resources TTS,hr_tech_team@tufts.edu,10.250.140.124
ERP SIS - Student Alumni Services,sis-project-tech-team@elist.tufts.edu,10.250.140.119
ETS - Educational Technology Services,atsystems@elist.tufts.edu,10.250.108.145
ERP HR - Human Resources TTS,hr_tech_team@tufts.edu,10.250.144.21
ESCP - Enterprise Systems/Cloud Platforms,escp@tufts.edu,10.250.156.29
ESCP - Enterprise Systems/Cloud Platforms,escp@tufts.edu,10.250.132.129
RT - Research Technology,rt-staff@elist.tufts.edu,10.250.109.64
FACULTY - COLO,dvotipka@cs.tufts.edu,10.250.224.39
ERP FINANCE TTS,FINTECH@Tufts.Edu,10.250.140.34
FACULTY - SEI,Tufts-Server-Managers@sei.org,10.250.108.100
DS - Data Strategy,ds-team@tufts.edu,10.250.108.126
ERP FINANCE TTS,FINTECH@Tufts.Edu,10.250.144.30
DNTL - School of Dental Medicine,tts_clinsys-request@elist.tufts.edu,10.250.155.37
ESCP - Enterprise Systems/Cloud Platforms,escp@tufts.edu,10.250.132.222
ERP SIS - Student Alumni Services,sis-project-tech-team@elist.tufts.edu,10.250.144.76
OPS - Operations,tts-operationsit@tufts.edu,10.250.130.142
RT - Research Technology,rt-staff@elist.tufts.edu,10.250.132.104
RT - Research Technology,rt-staff@elist.tufts.edu,10.250.108.81
ERP AMP - Student Alumni Services,med-amptech@elist.tufts.edu,10.250.146.127
FACULTY - COLO,sivan.kartha@tufts.edu,10.250.108.189
RT - Research Technology ,rt-team@tufts.edu ,10.250.132.226
RT - Research Technology,rt-team@tufts.edu,10.250.108.98
ETS - Educational Technology Services,atsystems@elist.tufts.edu,10.250.108.244
ERP SIS - Student Alumni Services,sis-project-tech-team@elist.tufts.edu,10.250.140.120
RT - Research Technology,rt-team@tufts.edu,10.250.224.61
RT - Research Technology,rt-staff@elist.tufts.edu,10.250.104.110
VET - Cummings School of Veterinary Medicine,vetapps@tufts.edu,10.250.132.211
OPS - Operations,tts-operationsit@tufts.edu,10.250.130.199
RT - Research Technology,rt-staff@elist.tufts.edu,10.250.109.77
IAM - Identity and Access Management,iam@tufts.edu,10.250.132.103
RT - Research Technology,rt-team@tufts.edu,10.250.108.252
ERP HR - Human Resources TTS,hr_tech_team@tufts.edu,10.250.144.38
OPS - Operations,tts-operationsit@tufts.edu,10.250.132.61
OIS - Office of Information Security,infosec-team@tufts.edu,10.250.104.105
ETS - Educational Technology Services,atsystems@elist.tufts.edu,10.250.108.52
RT - Research Technology,rt-staff@elist.tufts.edu,10.250.108.229
OPS - Operations,tts-operationsit@tufts.edu,10.250.108.96
ERP FINANCE TTS,FINTECH@Tufts.Edu,10.250.140.28
IAM - Identity and Access Management,iam@tufts.edu,10.250.156.47
ESCP - Enterprise Systems/Cloud Platforms,escp@tufts.edu,10.250.108.59
SS - Student Services,ss.techteam@ase.tufts.edu,10.250.166.60
ERP SIS - Student Alumni Services,sis-project-tech-team@elist.tufts.edu,10.250.144.78
ESCP - Enterprise Systems/Cloud Platforms,escp@tufts.edu ,10.250.132.157
RT - Research Technology,rt-staff@elist.tufts.edu,10.250.130.117
ERP AMP - Student Alumni Services,med-amptech@elist.tufts.edu,10.250.146.117
RT - Research Technology,rt-staff@elist.tufts.edu,10.250.108.225
IAM - Identity and Access Management,iam@tufts.edu,10.250.108.171
LTS - LIBRARY,ults@elist.tufts.edu,10.250.108.149
ERP HR - Human Resources TTS,hr_tech_team@tufts.edu,10.250.146.51
ERP Elements - Student Alumni Services,topaz_elements@elist.tufts.edu,10.250.130.170
OPS - Operations,tts-operationsit@tufts.edu,10.250.152.28
OPS - Operations,tts-operationsit@tufts.edu,10.250.146.28
DS - Data Strategy,ds-team@tufts.edu,10.250.146.37
ERP SIS - Student Alumni Services,sis-project-tech-team@elist.tufts.edu,10.250.140.32
LTS - LIBRARY,ults@elist.tufts.edu,10.250.130.162
ERP FINANCE TTS,FINTECH@Tufts.Edu,10.250.140.29
TELCOM - Network Operations,teldata@tufts.edu,10.250.150.218
ESCP - Enterprise Systems/Cloud Platforms,escp@tufts.edu,10.250.146.58
IAM - Identity and Access Management,iam@tufts.edu,10.250.140.58
UCM - University Communications,markopstech@tufts.edu,10.250.109.12
FACULTY - SEI,Tufts-Server-Managers@sei.org,10.250.224.54
RT - Research Technology,rt-staff@elist.tufts.edu,10.250.109.95
IAM - Identity and Access Management,iam@tufts.edu,10.250.108.57
OIS - Office of Information Security,infosec-team@tufts.edu,10.250.104.78
RT - Research Technology,rt-staff@elist.tufts.edu,10.250.109.81
OIS - Office of Information Security,infosec-team@tufts.edu,10.250.104.40
OPS - Operations,tts-operationsit@tufts.edu,10.250.130.204
DS - Data Strategy,ds-team@tufts.edu,10.250.109.181
ESCP - Enterprise Systems/Cloud Platforms,escp@tufts.edu,10.250.146.53
RT - Research Technology,rt-staff@elist.tufts.edu,10.250.224.29
RT - Research Technology,rt-staff@elist.tufts.edu,10.250.132.66
DNTL - School of Dental Medicine,tts_clinsys-request@elist.tufts.edu,10.250.155.47
EUC - End-Point Engineering ,endpoint_engineering@elist.tufts.edu ,10.250.130.121
DCO - Data Center Operations,teldata@tufts.edu,10.250.108.26
DS - Data Strategy,ds-team@tufts.edu,10.250.132.75
RT - Research Technology,rt-staff@elist.tufts.edu,10.250.108.54
ESCP - Enterprise Systems/Cloud Platforms,escp@tufts.edu,10.250.146.60
VET - Cummings School of Veterinary Medicine,vetapps@tufts.edu,10.250.130.37
RT - Research Technology,rt-team@tufts.edu,10.250.224.59
ERP TIDAL - Student Alumni Services,sis-project-tech-team@elist.tufts.edu,10.250.146.66
RT - Research Technology,rt-staff@elist.tufts.edu,10.250.109.87
EUC - End-point Engineering,endpoint_engineering@elist.tufts.edu,10.250.132.107
KASM - Knowledge Accessibility and Service Management ITEE,itsm@tufts.edu,10.250.146.108
ERP SIS - Student Alumni Services,sis-project-tech-team@elist.tufts.edu,10.250.140.79
DNTL - School of Dental Medicine,tts_clinsys-request@elist.tufts.edu,10.250.155.41
OPS - Operations,tts-operationsit@tufts.edu,10.250.130.144
VET - Cummings School of Veterinary Medicine,vetapps@tufts.edu,10.250.130.217
WebDev - Design and Digital Solutions TTS,ttswebhosting@tufts.edu,10.250.108.224
ESCP - Enterprise Systems/Cloud Platforms,escp@tufts.edu,10.250.108.17
DS - Data Strategy,ds-team@tufts.edu,10.250.140.140
DS - Data Strategy,ds-team@tufts.edu,10.250.140.141
RT - Research Technology - COLO - LEVIN LAB,rt-staff@elist.tufts.edu,10.250.246.35
LTS - LIBRARY,ults@elist.tufts.edu,10.250.108.247
IAM - Identity and Access Management,iam@tufts.edu,10.250.130.52
DS - Data Strategy,ds-team@tufts.edu,10.250.108.236
FACULTY - COLO,benjamin.maloy@tufts.edu,10.250.108.45
IAM - Identity and Access Management,iam@tufts.edu,10.250.166.37
DNTL - School of Dental Medicine,tts_clinsys-request@elist.tufts.edu,10.250.104.92
ERP SIS - Student Alumni Services,sis-project-tech-team@elist.tufts.edu,10.250.144.82
ERP HR - Human Resources TTS,hr_tech_team@tufts.edu,10.250.140.104
SS - Student Services,ss.techteam@ase.tufts.edu,10.250.130.34
FACULTY - COLO ,NA,10.250.224.41
ESCP - Enterprise Systems/Cloud Platforms,escp@tufts.edu,10.250.108.101
OPS - Operations,tts-operationsit@tufts.edu,10.250.152.27
ESCP - Enterprise Systems/Cloud Platforms,escp@tufts.edu,10.250.132.155
OPS - Operations,tts-operationsit@tufts.edu,10.250.140.92
RT - Research Technology,rt-staff@elist.tufts.edu,10.250.109.107
ERP RA - Research Administration,ras-support-monitoring@elist.tufts.edu,10.250.144.67
OIS - Office of Information Security,infosec-team@tufts.edu,10.250.104.79
OPS - Operations,tts-operationsit@tufts.edu,10.250.130.41
ERP SIS - Student Alumni Services,sis-project-tech-team@elist.tufts.edu,10.250.152.61
LTS - LIBRARY,ults@elist.tufts.edu,10.250.108.34
ESCP - Enterprise Systems/Cloud Platforms,escp@tufts.edu,10.250.132.156
ERP FINANCE TTS,FINTECH@Tufts.Edu,10.250.140.77
RT - Research Technology,rt-team@tufts.edu,10.250.224.67
OIS - Office of Information Security,infosec-team@tufts.edu,10.250.104.80
ESCP - Enterprise Systems/Cloud Platforms,escp@tufts.edu,10.250.132.190
ERP FINANCE TTS,FINTECH@Tufts.Edu,10.250.140.19
DNTL - School of Dental Medicine,tts_clinsys-request@elist.tufts.edu,10.250.155.30
DS - Data Strategy,ds-team@tufts.edu,10.250.108.148
OPS - Operations,tts-operationsit@tufts.edu,10.250.130.205
ESCP - Enterprise Systems/Cloud Platforms,escp@tufts.edu,10.250.108.102
OIS - Office of Information Security,infosec-team@tufts.edu,10.250.104.72
OPS - Operations,tts-operationsit@tufts.edu,10.250.130.208
OPS - Operations,tts-operationsit@tufts.edu,10.250.130.188
OIS - Office of Information Security,infosec-team@tufts.edu,10.250.104.76
ESCP - Enterprise Systems/Cloud Platforms,escp@tufts.edu ,10.250.132.158
ERP FINANCE TTS,FINTECH@Tufts.Edu,10.250.144.24
ERP SIS - Student Alumni Services,sis-project-tech-team@elist.tufts.edu,10.250.144.77
OPS - Operations,tts-operationsit@tufts.edu,10.250.130.203
TELCOM - Network Operations,teldata@tufts.edu,10.250.150.208
ERP FINANCE TTS,FINTECH@Tufts.Edu,10.250.140.76
RT - Research Technology,rt-team@tufts.edu,10.250.108.127
ESCP - Enterprise Systems/Cloud Platforms ,escp@tufts.edu ,10.250.132.117
ETS - Educational Technology Services,atsystems@elist.tufts.edu,10.250.108.253
ERP FINANCE TTS,FINTECH@Tufts.Edu,10.250.146.120
OPS - Operations,tts-operationsit@tufts.edu,10.250.146.27
ETS - Educational Technology Services,atsystems@elist.tufts.edu,10.250.164.80
ETS - Educational Technology Services,atsystems@elist.tufts.edu,10.250.164.211
ETS - Educational Technology Services,atsystems@elist.tufts.edu,10.250.164.213
,,10.250.130.64
OPS - Operations,tts-operationsit@tufts.edu,10.250.93.17
OPS - Operations,tts-operationsit@tufts.edu,10.250.93.18
OPS - Operations,tts-operationsit@tufts.edu,10.250.93.12
OPS - Operations,tts-operationsit@tufts.edu,10.250.93.9
OPS - Operations,tts-operationsit@tufts.edu,10.250.93.19
OPS - Operations ,tts-operationsit@tufts.edu ,10.250.93.22
OPS - Operations,tts-operationsit@tufts.edu,10.250.93.16
OPS - Operations ,tts-operationsit@tufts.edu ,10.250.93.21
OPS - Operations,tts-operationsit@tufts.edu,10.250.93.14
OPS - Operations,tts-operationsit@tufts.edu,10.250.93.15
OPS - Operations,tts-operationsit@tufts.edu,10.250.93.10
OPS - Operations,tts-operationsit@tufts.edu,10.250.93.11
OPS - Operations,tts-operationsit@tufts.edu,10.250.93.13
OIS - Office of Information Security,infosec-team@tufts.edu,10.250.104.30
OIS - Office of Information Security,infosec-team@tufts.edu,10.250.140.14
,,10.250.132.51
OIS - Office of Information Security,infosec-team@tufts.edu,10.250.132.52
,,10.250.104.13
OIS - Office of Information Security,infosec-team@tufts.edu,10.250.140.13
OIS - Office of Information Security,infosec-team@tufts.edu,10.250.104.14
OIS - Office of Information Security,infosec-team@tufts.edu,10.250.104.16
TELCOM - Network Operations,teldata@tufts.edu,10.250.150.213
NOC - Network Operations,noc@tufts.edu,10.250.101.140
NOC - Network Operations,noc@tufts.edu,10.250.104.15
NOC - Network Operations,noc@tufts.edu,10.250.104.66
TELCOM - Network Operations,teldata@tufts.edu,10.250.150.204
NOC - Network Operations,noc@tufts.edu,10.250.104.58
